{
  "rewards": [
    -3.813690082523358,
    -3.813690082523358,
    -3.813690082523358,
    -3.813690082523358,
    -3.813690082523358,
    -3.813690082523358,
    -3.813690082523358,
    -3.813690082523358,
    -3.813690082523358,
    -3.813690082523358,
    -3.813690082523358,
    -3.813690082523358,
    -3.813690082523358,
    -3.813690082523358,
    -3.813690082523358,
    -3.813690082523358,
    -3.813690082523358,
    -3.813690082523358,
    -3.813690082523358,
    -3.813690082523358,
    -3.813690082523358,
    -3.813690082523358,
    -3.813690082523358,
    -3.813690082523358,
    -3.813690082523358,
    -3.813690082523358,
    -3.813690082523358,
    -3.813690082523358,
    -3.813690082523358,
    -3.813690082523358,
    -3.813690082523358,
    -3.813690082523358,
    -3.813690082523358,
    -3.813690082523358,
    -3.813690082523358,
    -3.813690082523358,
    -3.813690082523358,
    -3.813690082523358,
    -3.813690082523358,
    -3.813690082523358,
    -3.813690082523358,
    -3.813690082523358,
    -3.813690082523358,
    -3.813690082523358,
    -3.813690082523358,
    -3.813690082523358,
    -3.813690082523358,
    -3.813690082523358,
    -3.813690082523358,
    -3.813690082523358
  ],
  "steps": [
    7,
    7,
    7,
    7,
    7,
    7,
    7,
    7,
    7,
    7,
    7,
    7,
    7,
    7,
    7,
    7,
    7,
    7,
    7,
    7,
    7,
    7,
    7,
    7,
    7,
    7,
    7,
    7,
    7,
    7,
    7,
    7,
    7,
    7,
    7,
    7,
    7,
    7,
    7,
    7,
    7,
    7,
    7,
    7,
    7,
    7,
    7,
    7,
    7,
    7
  ],
  "distances": [
    