{
  "rewards": [
    -3.813690082523358,
    -3.813690082523358,
    -3.813690082523358,
    -3.813690082523358,
    -3.813690082523358,
    -3.813690082523358,
    -3.813690082523358,
    -3.813690082523358,
    -3.813690082523358,
    -3.813690082523358,
    -3.813690082523358,
    -3.813690082523358,
    -3.813690082523358,
    -3.813690082523358,
    -3.813690082523358,
    -3.813690082523358,
    -3.813690082523358,
    -3.813690082523358,
    -3.813690082523358,
    -3.813690082523358,
    -3.813690082523358,
    -3.813690082523358,
    -3.813690082523358,
    -3.813690082523358,
    -3.813690082523358,
    -3.813690082523358,
    -3.813690082523358,
    -3.813690082523358,
    -3.813690082523358,
    -3.813690082523358,
    -3.813690082523358,
    -3.813690082523358,
    -3.813690082523358,
    -3.813690082523358,
    -3.813690082523358,
    -3.813690082523358,
    -3.813690082523358,
    -3.813690082523358,
    -3.813690082523358,
    -3.813690082523358,
    -3.813690082523358,
    -3.813690082523358,
    -3.813690082523358,
    -3.813690082523358,
    -3.813690082523358,
    -3.813690082523358,
    -3.813690082523358,
    -3.813690082523358,
    -3.813690082523358,
    -3.813690082523358
  ],
  "steps": [
    7,
    7,
    7,
    7,
    7,
    7,
    7,
    7,
    7,
    7,
    7,
    7,
    7,
    7,
    7,
    7,
    7,
    7,
    7,
    7,
    7,
    7,
    7,
    7,
    7,
    7,
    7,
    7,
    7,
    7,
    7,
    7,
    7,
    7,
    7,
    7,
    7,
    7,
    7,
    7,
    7,
    7,
    7,
    7,
    7,
    7,
    7,
    7,
    7,
    7
  ],
  "distances": [
    95.666748046875,
    95.666748046875,
    95.666748046875,
    95.666748046875,
    95.666748046875,
    95.666748046875,
    95.666748046875,
    95.666748046875,
    95.666748046875,
    95.666748046875,
    95.666748046875,
    95.666748046875,
    95.666748046875,
    95.666748046875,
    95.666748046875,
    95.666748046875,
    95.666748046875,
    95.666748046875,
    95.666748046875,
    95.666748046875,
    95.666748046875,
    95.666748046875,
    95.666748046875,
    95.666748046875,
    95.666748046875,
    95.666748046875,
    95.666748046875,
    95.666748046875,
    95.666748046875,
    95.666748046875,
    95.666748046875,
    95.666748046875,
    95.666748046875,
    95.666748046875,
    95.666748046875,
    95.666748046875,
    95.666748046875,
    95.666748046875,
    95.666748046875,
    95.666748046875,
    95.666748046875,
    95.666748046875,
    95.666748046875,
    95.666748046875,
    95.666748046875,
    95.666748046875,
    95.666748046875,
    95.666748046875,
    95.666748046875,
    95.666748046875
  ],
  "customers": [
    7,
    7,
    7,
    7,
    7,
    7,
    7,
    7,
    7,
    7,
    7,
    7,
    7,
    7,
    7,
    7,
    7,
    7,
    7,
    7,
    7,
    7,
    7,
    7,
    7,
    7,
    7,
    7,
    7,
    7,
    7,
    7,
    7,
    7,
    7,
    7,
    7,
    7,
    7,
    7,
    7,
    7,
    7,
    7,
    7,
    7,
    7,
    7,
    7,
    7
  ],
  "early_violations": [
    0,
    0,
    0,
    0,
    0,
    0,
    0,
    0,
    0,
    0,
    0,
    0,
    0,
    0,
    0,
    0,
    0,
    0,
    0,
    0,
    0,
    0,
    0,
    0,
    0,
    0,
    0,
    0,
    0,
    0,
    0,
    0,
    0,
    0,
    0,
    0,
    0,
    0,
    0,
    0,
    0,
    0,
    0,
    0,
    0,
    0,
    0,
    0,
    0,
    0
  ],
  "late_violations": [
    5,
    5,
    5,
    5,
    5,
    5,
    5,
    5,
    5,
    5,
    5,
    5,
    5,
    5,
    5,
    5,
    5,
    5,
    5,
    5,
    5,
    5,
    5,
    5,
    5,
    5,
    5,
    5,
    5,
    5,
    5,
    5,
    5,
    5,
    5,
    5,
    5,
    5,
    5,
    5,
    5,
    5,
    5,
    5,
    5,
    5,
    5,
    5,
    5,
    5
  ],
  "capacity_violations": [
    0,
    0,
    0,
    0,
    0,
    0,
    0,
    0,
    0,
    0,
    0,
    0,
    0,
    0,
    0,
    0,
    0,
    0,
    0,
    0,
    0,
    0,
    0,
    0,
    0,
    0,
    0,
    0,
    0,
    0,
    0,
    0,
    0,
    0,
    0,
    0,
    0,
    0,
    0,
    0,
    0,
    0,
    0,
    0,
    0,
    0,
    0,
    0,
    0,
    0
  ],
  "vehicle_utilization": [
    33.33333333333333,
    33.33333333333333,
    33.33333333333333,
    33.33333333333333,
    33.33333333333333,
    33.33333333333333,
    33.33333333333333,
    33.33333333333333,
    33.33333333333333,
    33.33333333333333,
    33.33333333333333,
    33.33333333333333,
    33.33333333333333,
    33.33333333333333,
    33.33333333333333,
    33.33333333333333,
    33.33333333333333,
    33.33333333333333,
    33.33333333333333,
    33.33333333333333,
    33.33333333333333,
    33.33333333333333,
    33.33333333333333,
    33.33333333333333,
    33.33333333333333,
    33.33333333333333,
    33.33333333333333,
    33.33333333333333,
    33.33333333333333,
    33.33333333333333,
    33.33333333333333,
    33.33333333333333,
    33.33333333333333,
    33.33333333333333,
    33.33333333333333,
    33.33333333333333,
    33.33333333333333,
    33.33333333333333,
    33.33333333333333,
    33.33333333333333,
    33.33333333333333,
    33.33333333333333,
    33.33333333333333,
    33.33333333333333,
    33.33333333333333,
    33.33333333333333,
    33.33333333333333,
    33.33333333333333,
    33.33333333333333,
    33.33333333333333
  ]
}